0,img_filename
0.0,heart_1.png
1.0,heart_10.png
0.0,heart_100.png
1.0,heart_1000.png
1.0,heart_1001.png
1.0,heart_1002.png
0.0,heart_1004.png
0.0,heart_1005.png
1.0,heart_1006.png
1.0,heart_1009.png
1.0,heart_101.png
1.0,heart_1011.png
0.0,heart_1014.png
1.0,heart_1017.png
1.0,heart_1018.png
1.0,heart_1019.png
1.0,heart_102.png
0.0,heart_1020.png
0.0,heart_1021.png
0.0,heart_1022.png
0.0,heart_1023.png
1.0,heart_1024.png
0.0,heart_1027.png
1.0,heart_1028.png
1.0,heart_103.png
0.0,heart_1032.png
1.0,heart_1033.png
1.0,heart_1035.png
1.0,heart_1036.png
1.0,heart_1038.png
1.0,heart_1039.png
1.0,heart_1041.png
0.0,heart_1043.png
1.0,heart_1044.png
0.0,heart_1045.png
0.0,heart_1046.png
0.0,heart_1047.png
0.0,heart_1048.png
1.0,heart_1051.png
1.0,heart_1052.png
0.0,heart_1053.png
1.0,heart_1056.png
1.0,heart_1058.png
0.0,heart_1059.png
1.0,heart_106.png
1.0,heart_1060.png
0.0,heart_1061.png
1.0,heart_1064.png
0.0,heart_1065.png
0.0,heart_1066.png
1.0,heart_1067.png
0.0,heart_1068.png
1.0,heart_1069.png
0.0,heart_107.png
1.0,heart_1070.png
1.0,heart_1071.png
1.0,heart_1072.png
0.0,heart_1073.png
0.0,heart_1074.png
1.0,heart_1077.png
1.0,heart_1078.png
1.0,heart_108.png
1.0,heart_1081.png
1.0,heart_1082.png
0.0,heart_1083.png
0.0,heart_1084.png
1.0,heart_1086.png
0.0,heart_1087.png
1.0,heart_1089.png
0.0,heart_109.png
1.0,heart_1091.png
0.0,heart_1092.png
1.0,heart_1093.png
0.0,heart_1095.png
0.0,heart_1098.png
0.0,heart_1099.png
1.0,heart_11.png
0.0,heart_110.png
1.0,heart_1107.png
1.0,heart_1109.png
0.0,heart_1110.png
1.0,heart_1111.png
0.0,heart_1112.png
0.0,heart_1113.png
0.0,heart_1114.png
0.0,heart_1115.png
1.0,heart_1116.png
0.0,heart_1117.png
0.0,heart_1118.png
1.0,heart_1119.png
0.0,heart_112.png
0.0,heart_1120.png
0.0,heart_1121.png
1.0,heart_1122.png
0.0,heart_1123.png
0.0,heart_1126.png
1.0,heart_1127.png
0.0,heart_1128.png
0.0,heart_1130.png
1.0,heart_1132.png
1.0,heart_1133.png
0.0,heart_1135.png
0.0,heart_1137.png
0.0,heart_1139.png
1.0,heart_114.png
1.0,heart_1141.png
1.0,heart_1144.png
0.0,heart_1145.png
0.0,heart_1147.png
1.0,heart_115.png
1.0,heart_1150.png
1.0,heart_1152.png
0.0,heart_1154.png
0.0,heart_1155.png
0.0,heart_1156.png
0.0,heart_1157.png
1.0,heart_1159.png
0.0,heart_1160.png
0.0,heart_1163.png
1.0,heart_1164.png
1.0,heart_1165.png
0.0,heart_1166.png
1.0,heart_1167.png
1.0,heart_1168.png
0.0,heart_1169.png
1.0,heart_117.png
0.0,heart_1171.png
1.0,heart_1173.png
1.0,heart_1174.png
0.0,heart_1176.png
1.0,heart_1178.png
1.0,heart_118.png
0.0,heart_1180.png
1.0,heart_1181.png
1.0,heart_1182.png
1.0,heart_1185.png
1.0,heart_1186.png
0.0,heart_1189.png
0.0,heart_119.png
1.0,heart_1191.png
0.0,heart_1192.png
0.0,heart_1193.png
0.0,heart_1197.png
0.0,heart_1198.png
1.0,heart_1199.png
1.0,heart_1201.png
0.0,heart_1202.png
1.0,heart_1203.png
1.0,heart_1205.png
1.0,heart_1206.png
0.0,heart_1207.png
1.0,heart_1209.png
0.0,heart_121.png
1.0,heart_1210.png
1.0,heart_1211.png
1.0,heart_1213.png
0.0,heart_1214.png
0.0,heart_1215.png
1.0,heart_1217.png
1.0,heart_1218.png
1.0,heart_1219.png
1.0,heart_1221.png
1.0,heart_1223.png
1.0,heart_1224.png
0.0,heart_1225.png
1.0,heart_1227.png
1.0,heart_1228.png
0.0,heart_123.png
0.0,heart_1230.png
0.0,heart_1232.png
0.0,heart_1236.png
0.0,heart_1237.png
0.0,heart_1238.png
1.0,heart_1239.png
1.0,heart_124.png
1.0,heart_1243.png
0.0,heart_1244.png
0.0,heart_1246.png
0.0,heart_1248.png
1.0,heart_1249.png
1.0,heart_1250.png
1.0,heart_1252.png
1.0,heart_1253.png
0.0,heart_1254.png
0.0,heart_1255.png
1.0,heart_1256.png
1.0,heart_1257.png
0.0,heart_1258.png
0.0,heart_1259.png
1.0,heart_126.png
0.0,heart_1260.png
1.0,heart_1262.png
1.0,heart_1263.png
1.0,heart_1264.png
1.0,heart_1266.png
0.0,heart_1267.png
1.0,heart_1268.png
0.0,heart_1269.png
0.0,heart_127.png
1.0,heart_1270.png
0.0,heart_1271.png
1.0,heart_1272.png
1.0,heart_1273.png
0.0,heart_1274.png
1.0,heart_1275.png
1.0,heart_1279.png
0.0,heart_128.png
0.0,heart_1281.png
0.0,heart_1282.png
1.0,heart_1283.png
0.0,heart_1284.png
1.0,heart_1285.png
0.0,heart_1288.png
0.0,heart_129.png
1.0,heart_1290.png
1.0,heart_1291.png
1.0,heart_1293.png
1.0,heart_1295.png
0.0,heart_1297.png
0.0,heart_1298.png
0.0,heart_13.png
1.0,heart_130.png
0.0,heart_1300.png
1.0,heart_1301.png
1.0,heart_1302.png
1.0,heart_1309.png
0.0,heart_1311.png
0.0,heart_1312.png
0.0,heart_1315.png
1.0,heart_132.png
1.0,heart_1322.png
0.0,heart_1323.png
1.0,heart_1326.png
0.0,heart_1327.png
0.0,heart_1328.png
0.0,heart_1329.png
1.0,heart_133.png
1.0,heart_1331.png
1.0,heart_1333.png
1.0,heart_1334.png
1.0,heart_1337.png
1.0,heart_1339.png
0.0,heart_134.png
1.0,heart_1340.png
1.0,heart_1341.png
0.0,heart_1342.png
1.0,heart_1343.png
0.0,heart_1345.png
0.0,heart_1346.png
1.0,heart_1347.png
1.0,heart_1348.png
0.0,heart_135.png
0.0,heart_1350.png
0.0,heart_1353.png
1.0,heart_1356.png
0.0,heart_1357.png
1.0,heart_1358.png
0.0,heart_1359.png
1.0,heart_136.png
0.0,heart_1361.png
1.0,heart_1362.png
0.0,heart_1363.png
1.0,heart_1364.png
1.0,heart_1365.png
1.0,heart_1369.png
0.0,heart_1370.png
0.0,heart_1371.png
0.0,heart_1372.png
1.0,heart_1375.png
1.0,heart_1378.png
1.0,heart_1379.png
0.0,heart_138.png
1.0,heart_1380.png
1.0,heart_1381.png
1.0,heart_1382.png
0.0,heart_1384.png
0.0,heart_1385.png
0.0,heart_1386.png
1.0,heart_1387.png
0.0,heart_1388.png
0.0,heart_1389.png
0.0,heart_1390.png
0.0,heart_1392.png
1.0,heart_1393.png
0.0,heart_1394.png
0.0,heart_1396.png
0.0,heart_1398.png
1.0,heart_1399.png
1.0,heart_14.png
1.0,heart_140.png
1.0,heart_1401.png
1.0,heart_1403.png
1.0,heart_1406.png
0.0,heart_1408.png
0.0,heart_141.png
1.0,heart_1411.png
0.0,heart_1412.png
1.0,heart_1413.png
1.0,heart_1417.png
0.0,heart_1418.png
0.0,heart_142.png
1.0,heart_1422.png
1.0,heart_1423.png
0.0,heart_1424.png
0.0,heart_1426.png
0.0,heart_1427.png
1.0,heart_1429.png
0.0,heart_1430.png
1.0,heart_1431.png
0.0,heart_1432.png
0.0,heart_1433.png
0.0,heart_1435.png
0.0,heart_1436.png
1.0,heart_1438.png
1.0,heart_144.png
1.0,heart_1441.png
0.0,heart_1442.png
1.0,heart_1443.png
0.0,heart_1445.png
1.0,heart_1446.png
1.0,heart_1447.png
0.0,heart_1448.png
0.0,heart_145.png
0.0,heart_1450.png
0.0,heart_1451.png
1.0,heart_1452.png
0.0,heart_1453.png
1.0,heart_1454.png
0.0,heart_1455.png
1.0,heart_1456.png
1.0,heart_1457.png
1.0,heart_1458.png
1.0,heart_1459.png
1.0,heart_146.png
0.0,heart_1460.png
1.0,heart_1461.png
1.0,heart_1462.png
0.0,heart_1463.png
0.0,heart_1464.png
0.0,heart_1465.png
1.0,heart_1466.png
0.0,heart_1467.png
1.0,heart_1468.png
0.0,heart_147.png
0.0,heart_1470.png
0.0,heart_1471.png
1.0,heart_1472.png
0.0,heart_1476.png
1.0,heart_1477.png
0.0,heart_1478.png
0.0,heart_1479.png
0.0,heart_148.png
0.0,heart_1480.png
1.0,heart_1481.png
0.0,heart_1482.png
1.0,heart_1484.png
0.0,heart_1485.png
0.0,heart_1488.png
0.0,heart_1489.png
1.0,heart_1490.png
0.0,heart_1491.png
0.0,heart_1492.png
1.0,heart_1494.png
0.0,heart_1495.png
1.0,heart_1497.png
1.0,heart_1499.png
0.0,heart_15.png
0.0,heart_150.png
1.0,heart_151.png
1.0,heart_152.png
1.0,heart_153.png
1.0,heart_154.png
0.0,heart_155.png
1.0,heart_159.png
0.0,heart_16.png
1.0,heart_160.png
0.0,heart_161.png
0.0,heart_164.png
1.0,heart_166.png
0.0,heart_167.png
0.0,heart_169.png
0.0,heart_17.png
1.0,heart_170.png
1.0,heart_173.png
0.0,heart_174.png
0.0,heart_175.png
1.0,heart_176.png
1.0,heart_177.png
0.0,heart_178.png
1.0,heart_18.png
1.0,heart_180.png
1.0,heart_181.png
1.0,heart_182.png
0.0,heart_183.png
0.0,heart_186.png
1.0,heart_187.png
1.0,heart_189.png
0.0,heart_19.png
0.0,heart_191.png
0.0,heart_192.png
1.0,heart_193.png
1.0,heart_194.png
0.0,heart_195.png
1.0,heart_198.png
0.0,heart_199.png
1.0,heart_2.png
0.0,heart_20.png
0.0,heart_200.png
1.0,heart_203.png
1.0,heart_204.png
1.0,heart_207.png
1.0,heart_208.png
1.0,heart_210.png
1.0,heart_211.png
1.0,heart_212.png
0.0,heart_213.png
0.0,heart_214.png
1.0,heart_215.png
1.0,heart_216.png
1.0,heart_217.png
1.0,heart_219.png
0.0,heart_22.png
1.0,heart_220.png
1.0,heart_221.png
0.0,heart_222.png
0.0,heart_223.png
1.0,heart_225.png
0.0,heart_226.png
1.0,heart_227.png
0.0,heart_228.png
0.0,heart_229.png
0.0,heart_230.png
0.0,heart_231.png
0.0,heart_232.png
0.0,heart_233.png
0.0,heart_235.png
0.0,heart_237.png
1.0,heart_238.png
1.0,heart_239.png
0.0,heart_24.png
1.0,heart_240.png
1.0,heart_241.png
0.0,heart_243.png
0.0,heart_244.png
0.0,heart_245.png
0.0,heart_246.png
0.0,heart_249.png
1.0,heart_25.png
0.0,heart_250.png
0.0,heart_251.png
0.0,heart_252.png
0.0,heart_254.png
1.0,heart_256.png
1.0,heart_257.png
1.0,heart_258.png
1.0,heart_259.png
1.0,heart_26.png
1.0,heart_260.png
0.0,heart_264.png
0.0,heart_265.png
0.0,heart_266.png
0.0,heart_267.png
0.0,heart_268.png
1.0,heart_269.png
0.0,heart_27.png
0.0,heart_270.png
0.0,heart_274.png
0.0,heart_275.png
1.0,heart_276.png
0.0,heart_28.png
0.0,heart_282.png
1.0,heart_284.png
0.0,heart_285.png
0.0,heart_286.png
1.0,heart_288.png
1.0,heart_289.png
1.0,heart_29.png
1.0,heart_291.png
1.0,heart_292.png
1.0,heart_294.png
1.0,heart_296.png
0.0,heart_297.png
0.0,heart_298.png
1.0,heart_299.png
0.0,heart_30.png
1.0,heart_300.png
1.0,heart_301.png
0.0,heart_302.png
0.0,heart_303.png
0.0,heart_304.png
0.0,heart_305.png
0.0,heart_306.png
1.0,heart_307.png
0.0,heart_308.png
1.0,heart_309.png
1.0,heart_310.png
0.0,heart_311.png
1.0,heart_312.png
1.0,heart_313.png
0.0,heart_314.png
0.0,heart_316.png
1.0,heart_318.png
1.0,heart_319.png
1.0,heart_32.png
1.0,heart_320.png
0.0,heart_321.png
0.0,heart_324.png
1.0,heart_325.png
1.0,heart_327.png
0.0,heart_330.png
0.0,heart_331.png
0.0,heart_332.png
0.0,heart_334.png
0.0,heart_335.png
0.0,heart_336.png
1.0,heart_337.png
1.0,heart_338.png
0.0,heart_339.png
0.0,heart_340.png
0.0,heart_343.png
0.0,heart_347.png
1.0,heart_35.png
1.0,heart_350.png
0.0,heart_352.png
0.0,heart_353.png
1.0,heart_354.png
0.0,heart_356.png
1.0,heart_357.png
0.0,heart_358.png
0.0,heart_359.png
1.0,heart_36.png
0.0,heart_363.png
0.0,heart_365.png
0.0,heart_367.png
1.0,heart_368.png
0.0,heart_369.png
1.0,heart_37.png
0.0,heart_371.png
1.0,heart_372.png
1.0,heart_374.png
1.0,heart_376.png
1.0,heart_377.png
0.0,heart_378.png
1.0,heart_379.png
0.0,heart_38.png
1.0,heart_380.png
1.0,heart_382.png
0.0,heart_383.png
0.0,heart_384.png
1.0,heart_385.png
1.0,heart_386.png
1.0,heart_389.png
1.0,heart_390.png
1.0,heart_391.png
1.0,heart_392.png
1.0,heart_394.png
1.0,heart_395.png
1.0,heart_397.png
1.0,heart_398.png
0.0,heart_399.png
1.0,heart_40.png
0.0,heart_402.png
1.0,heart_403.png
1.0,heart_405.png
0.0,heart_406.png
1.0,heart_407.png
1.0,heart_408.png
1.0,heart_409.png
1.0,heart_41.png
1.0,heart_410.png
0.0,heart_412.png
1.0,heart_413.png
0.0,heart_415.png
0.0,heart_416.png
1.0,heart_418.png
0.0,heart_419.png
0.0,heart_420.png
1.0,heart_421.png
1.0,heart_423.png
1.0,heart_424.png
1.0,heart_426.png
1.0,heart_43.png
1.0,heart_430.png
0.0,heart_431.png
0.0,heart_433.png
1.0,heart_435.png
1.0,heart_438.png
1.0,heart_441.png
1.0,heart_442.png
1.0,heart_446.png
1.0,heart_449.png
1.0,heart_45.png
1.0,heart_450.png
1.0,heart_451.png
0.0,heart_452.png
1.0,heart_453.png
0.0,heart_454.png
1.0,heart_455.png
0.0,heart_458.png
1.0,heart_463.png
0.0,heart_465.png
0.0,heart_466.png
1.0,heart_468.png
1.0,heart_47.png
1.0,heart_470.png
1.0,heart_475.png
0.0,heart_476.png
0.0,heart_477.png
0.0,heart_48.png
1.0,heart_482.png
1.0,heart_486.png
0.0,heart_488.png
1.0,heart_49.png
1.0,heart_490.png
1.0,heart_491.png
0.0,heart_492.png
0.0,heart_493.png
1.0,heart_494.png
0.0,heart_495.png
1.0,heart_496.png
1.0,heart_497.png
0.0,heart_498.png
0.0,heart_499.png
1.0,heart_5.png
1.0,heart_50.png
1.0,heart_500.png
0.0,heart_501.png
1.0,heart_502.png
1.0,heart_503.png
1.0,heart_505.png
0.0,heart_506.png
0.0,heart_508.png
1.0,heart_51.png
0.0,heart_510.png
1.0,heart_511.png
1.0,heart_513.png
0.0,heart_514.png
1.0,heart_515.png
0.0,heart_516.png
0.0,heart_517.png
0.0,heart_518.png
1.0,heart_52.png
0.0,heart_520.png
0.0,heart_521.png
0.0,heart_522.png
0.0,heart_523.png
0.0,heart_526.png
1.0,heart_527.png
0.0,heart_528.png
1.0,heart_529.png
1.0,heart_53.png
1.0,heart_530.png
1.0,heart_532.png
0.0,heart_534.png
1.0,heart_538.png
0.0,heart_54.png
1.0,heart_540.png
1.0,heart_542.png
0.0,heart_545.png
1.0,heart_547.png
1.0,heart_549.png
0.0,heart_55.png
1.0,heart_550.png
0.0,heart_551.png
1.0,heart_555.png
0.0,heart_556.png
1.0,heart_557.png
1.0,heart_558.png
1.0,heart_559.png
1.0,heart_56.png
0.0,heart_562.png
0.0,heart_564.png
0.0,heart_567.png
1.0,heart_568.png
0.0,heart_57.png
0.0,heart_571.png
0.0,heart_572.png
0.0,heart_574.png
0.0,heart_578.png
0.0,heart_579.png
2.0,heart_58.png
0.0,heart_582.png
0.0,heart_583.png
1.0,heart_584.png
0.0,heart_587.png
0.0,heart_589.png
0.0,heart_59.png
1.0,heart_591.png
0.0,heart_592.png
0.0,heart_593.png
1.0,heart_594.png
1.0,heart_595.png
1.0,heart_597.png
1.0,heart_6.png
0.0,heart_601.png
1.0,heart_602.png
1.0,heart_603.png
0.0,heart_604.png
0.0,heart_606.png
1.0,heart_607.png
0.0,heart_609.png
0.0,heart_611.png
0.0,heart_612.png
0.0,heart_613.png
1.0,heart_614.png
0.0,heart_615.png
1.0,heart_616.png
0.0,heart_617.png
0.0,heart_618.png
0.0,heart_619.png
0.0,heart_62.png
0.0,heart_620.png
0.0,heart_621.png
0.0,heart_622.png
1.0,heart_623.png
1.0,heart_624.png
0.0,heart_625.png
1.0,heart_626.png
0.0,heart_628.png
0.0,heart_629.png
1.0,heart_63.png
0.0,heart_631.png
0.0,heart_632.png
0.0,heart_633.png
0.0,heart_634.png
1.0,heart_635.png
1.0,heart_636.png
0.0,heart_637.png
0.0,heart_638.png
0.0,heart_639.png
0.0,heart_64.png
1.0,heart_640.png
0.0,heart_641.png
1.0,heart_642.png
0.0,heart_643.png
1.0,heart_645.png
1.0,heart_646.png
0.0,heart_647.png
1.0,heart_649.png
1.0,heart_65.png
1.0,heart_651.png
1.0,heart_652.png
1.0,heart_653.png
0.0,heart_654.png
0.0,heart_655.png
0.0,heart_656.png
0.0,heart_657.png
1.0,heart_658.png
0.0,heart_66.png
0.0,heart_661.png
1.0,heart_662.png
1.0,heart_663.png
0.0,heart_664.png
0.0,heart_667.png
1.0,heart_668.png
1.0,heart_669.png
0.0,heart_67.png
0.0,heart_671.png
1.0,heart_672.png
1.0,heart_673.png
0.0,heart_674.png
1.0,heart_675.png
1.0,heart_677.png
0.0,heart_678.png
0.0,heart_68.png
1.0,heart_680.png
1.0,heart_682.png
1.0,heart_684.png
0.0,heart_685.png
0.0,heart_686.png
0.0,heart_688.png
1.0,heart_692.png
1.0,heart_693.png
1.0,heart_695.png
0.0,heart_697.png
0.0,heart_698.png
1.0,heart_699.png
1.0,heart_70.png
0.0,heart_700.png
1.0,heart_701.png
1.0,heart_702.png
1.0,heart_703.png
0.0,heart_704.png
0.0,heart_707.png
1.0,heart_709.png
1.0,heart_71.png
0.0,heart_712.png
0.0,heart_713.png
1.0,heart_714.png
1.0,heart_715.png
1.0,heart_716.png
0.0,heart_717.png
0.0,heart_72.png
1.0,heart_720.png
0.0,heart_721.png
0.0,heart_722.png
1.0,heart_723.png
1.0,heart_724.png
1.0,heart_725.png
0.0,heart_726.png
1.0,heart_727.png
0.0,heart_729.png
0.0,heart_73.png
1.0,heart_730.png
1.0,heart_731.png
0.0,heart_732.png
1.0,heart_734.png
0.0,heart_735.png
1.0,heart_736.png
1.0,heart_739.png
0.0,heart_74.png
1.0,heart_740.png
0.0,heart_741.png
0.0,heart_743.png
1.0,heart_744.png
0.0,heart_745.png
0.0,heart_746.png
1.0,heart_749.png
0.0,heart_75.png
0.0,heart_750.png
1.0,heart_753.png
0.0,heart_755.png
1.0,heart_758.png
1.0,heart_759.png
1.0,heart_760.png
1.0,heart_761.png
0.0,heart_763.png
0.0,heart_764.png
0.0,heart_765.png
1.0,heart_766.png
0.0,heart_767.png
1.0,heart_768.png
1.0,heart_77.png
1.0,heart_771.png
1.0,heart_772.png
1.0,heart_774.png
0.0,heart_775.png
0.0,heart_777.png
1.0,heart_778.png
0.0,heart_779.png
0.0,heart_780.png
1.0,heart_781.png
0.0,heart_782.png
0.0,heart_784.png
0.0,heart_785.png
1.0,heart_786.png
0.0,heart_787.png
0.0,heart_788.png
0.0,heart_789.png
1.0,heart_79.png
1.0,heart_794.png
1.0,heart_795.png
1.0,heart_796.png
1.0,heart_797.png
0.0,heart_799.png
0.0,heart_800.png
0.0,heart_801.png
0.0,heart_802.png
0.0,heart_804.png
0.0,heart_806.png
1.0,heart_809.png
1.0,heart_81.png
0.0,heart_810.png
1.0,heart_812.png
1.0,heart_814.png
0.0,heart_817.png
0.0,heart_818.png
0.0,heart_819.png
0.0,heart_820.png
1.0,heart_824.png
0.0,heart_829.png
1.0,heart_83.png
0.0,heart_830.png
0.0,heart_832.png
1.0,heart_834.png
1.0,heart_837.png
1.0,heart_838.png
0.0,heart_840.png
0.0,heart_841.png
0.0,heart_842.png
1.0,heart_844.png
1.0,heart_845.png
0.0,heart_846.png
1.0,heart_847.png
1.0,heart_850.png
0.0,heart_851.png
1.0,heart_852.png
1.0,heart_854.png
0.0,heart_855.png
1.0,heart_856.png
1.0,heart_858.png
1.0,heart_859.png
0.0,heart_86.png
1.0,heart_860.png
0.0,heart_861.png
1.0,heart_863.png
0.0,heart_864.png
0.0,heart_865.png
1.0,heart_867.png
1.0,heart_868.png
0.0,heart_869.png
1.0,heart_87.png
0.0,heart_873.png
1.0,heart_874.png
1.0,heart_875.png
0.0,heart_877.png
1.0,heart_878.png
0.0,heart_879.png
0.0,heart_88.png
0.0,heart_880.png
0.0,heart_883.png
0.0,heart_884.png
0.0,heart_885.png
1.0,heart_887.png
1.0,heart_891.png
0.0,heart_893.png
1.0,heart_894.png
1.0,heart_896.png
1.0,heart_899.png
1.0,heart_90.png
0.0,heart_901.png
1.0,heart_903.png
1.0,heart_905.png
0.0,heart_907.png
1.0,heart_908.png
1.0,heart_909.png
1.0,heart_91.png
1.0,heart_910.png
0.0,heart_912.png
1.0,heart_913.png
1.0,heart_914.png
0.0,heart_915.png
1.0,heart_916.png
0.0,heart_917.png
1.0,heart_918.png
0.0,heart_919.png
0.0,heart_92.png
0.0,heart_921.png
0.0,heart_922.png
1.0,heart_923.png
0.0,heart_924.png
1.0,heart_925.png
0.0,heart_926.png
1.0,heart_927.png
1.0,heart_929.png
0.0,heart_93.png
0.0,heart_930.png
1.0,heart_931.png
1.0,heart_932.png
1.0,heart_933.png
1.0,heart_936.png
0.0,heart_937.png
0.0,heart_938.png
1.0,heart_94.png
0.0,heart_940.png
0.0,heart_941.png
1.0,heart_942.png
0.0,heart_943.png
0.0,heart_944.png
1.0,heart_945.png
1.0,heart_947.png
0.0,heart_949.png
1.0,heart_95.png
1.0,heart_950.png
0.0,heart_951.png
1.0,heart_953.png
1.0,heart_955.png
1.0,heart_956.png
0.0,heart_958.png
1.0,heart_959.png
0.0,heart_96.png
1.0,heart_960.png
1.0,heart_961.png
0.0,heart_964.png
0.0,heart_966.png
0.0,heart_968.png
0.0,heart_969.png
0.0,heart_97.png
1.0,heart_970.png
1.0,heart_973.png
1.0,heart_975.png
1.0,heart_977.png
1.0,heart_978.png
1.0,heart_979.png
1.0,heart_98.png
0.0,heart_980.png
0.0,heart_981.png
0.0,heart_983.png
1.0,heart_984.png
1.0,heart_985.png
1.0,heart_987.png
0.0,heart_989.png
0.0,heart_990.png
0.0,heart_992.png
1.0,heart_993.png
0.0,heart_994.png
1.0,heart_995.png
1.0,heart_996.png
0.0,heart_997.png
1.0,heart_998.png
